{
  "feature_columns": [
    "tokens_in",
    "tokens_out",
    "tokens_total",
    "token_io_ratio",
    "latency_ms",
    "latency_per_token",
    "approval_count",
    "tool_error_rate",
    "tool_error_density",
    "goal_to_plan_delta",
    "plan_to_action_delta",
    "loop_depth",
    "cost_usd"
  ],
  "monitors": {
    "agent-1": {
      "feature_names": [
        "tokens_in",
        "tokens_out",
        "tokens_total",
        "token_io_ratio",
        "latency_ms",
        "latency_per_token",
        "approval_count",
        "tool_error_rate",
        "tool_error_density",
        "goal_to_plan_delta",
        "plan_to_action_delta",
        "loop_depth",
        "cost_usd"
      ],
      "config": {
        "alpha": 0.18,
        "cov_window": 80,
        "min_baseline": 12,
        "hysteresis": 0.4,
        "alert_threshold": 2.4,
        "recover_threshold": null,
        "jitter": 0.001,
        "feature_weights": [
          0.6,
          0.6,
          0.9,
          0.7,
          1.2,
          1.3,
          0.8,
          1.1,
          1.2,
          1.4,
          1.4,
          0.5,
          0.9
        ],
        "distance_quantile": 0.85
      },
      "means": [
        138.6411024,
        248.8040624,
        387.44516480000004,
        1.7751856873260075,
        1637.3121872000002,
        3.888086568796636,
        0.6724000000000001,
        0.189384,
        0.0019852063860667634,
        0.8064516129032258,
        0.6740576295168113,
        0.6286320000000001,
        0.01746342048
      ],
      "variances": [
        599.9886975416321,
        4215.819663327232,
        7947.132985088126,
        0.39572620877320225,
        1800382.6865231995,
        4.759267605901668,
        0.6393718432000002,
        0.4270785024000001,
        0.37074659616065436,
        0.3707398432000001,
        0.3930941161125547,
        1.0944640000000003,
        0.37080561263124245
      ],
      "baseline": [
        [
          0.0,
          0.0,
          0.0,
          0.0,
          0.0,
          0.0,
          0.0,
          0.0,
          0.0,
          0.0,
          0.0,
          0.0,
          0.0
        ],
        [
          1.1385838821911265,
          1.1385838821911245,
          1.7314167155828013,
          -0.03588480658301804,
          2.3145118896408943,
          -0.11220412830109286,
          0.0,
          0.0,
          0.0,
          0.0,
          -0.06855906385832754,
          0.0,
          0.0017999990362886987
        ],
        [
          1.034416374759605,
          1.1389910489909294,
          1.6776368499512517,
          0.09886195805943532,
          2.279270923522446,
          -0.1897514458835173,
          0.0,
          0.39776569590395117,
          0.0033978894634572082,
          0.0,
          0.4693988276401937,
          0.47941970406352685,
          0.0036177270331177345
        ],
        [
          0.9315999303189806,
          1.0387226494941795,
          1.5275430149800964,
          0.26656709113538135,
          2.24634630155842,
          0.6184219922256328,
          -0.8250940761461885,
          0.43841422786029516,
          0.005828618241000844,
          0.0,
          0.3549857963541838,
          0.39600826562185043,
          0.007666148767441753
        ],
        [
          1.0130914965055204,
          0.9351328563006427,
          1.4391936083809291,
          0.18834399597318774,
          2.2918940422707283,
          2.4053150987308825,
          -0.6727302217221188,
          0.5228325917315665,
          0.0072430287240053135,
          0.0,
          0.26977246605862565,
          0.6554254110582302,
          0.021484813505810933
        ]
      ],
      "distance_history": [
        0.0,
        3.311509733466655,
        3.3213038375947646,
        3.3069175663736083,
        4.034190395779925
      ],
      "current_threshold": 2.4,
      "state": {
        "last_score": 4.034190395779925,
        "is_alerting": true,
        "threshold": 2.4
      },
      "initialized": true
    }
  },
  "turn_counters": {
    "agent-1": 5
  }
}